<?xml version="1.0"?>
<!DOCTYPE board SYSTEM "board.dtd">
<!-- Description for lpc1788b

     Version: Sourcery CodeBench 2012.03-28
     Support: https://support.codesourcery.com/GNUToolchain/

     Copyright (c) 2007, 2008, 2009, 2010 CodeSourcery, Inc.

     THIS FILE CONTAINS PROPRIETARY, CONFIDENTIAL, AND TRADE SECRET
     INFORMATION OF CODESOURCERY AND/OR ITS LICENSORS.

     You may not use or distribute this file without the express written
     permission of CodeSourcery or its authorized distributor.  This file is
     licensed only for use with Sourcery CodeBench.  No other use is permitted.
     -->
<board>
  <properties>
    <description>
      Board:	lpc1788b
CPU:	lpc1768
    </description>
    <property name="system-v7-m"/>
    <property name="core-family">
      cortex
    </property>
  </properties>
  <memory-map>
    <memory-device address="0x00000000" size="512K" type="flash" device="LPC1768">
      <description>
	512 KBytes Internal Flash
      </description>
    </memory-device>
    <memory-device address="0x10000000" size="64K" type="ram">
      <description>
	32 KBytes Internal SRAM
      </description>
    </memory-device>
  </memory-map>
<debuggerDefaults>
<debugInterface name="mesp">
<option defaultValue="little" name="endian"/>
<option defaultValue="cortex-m3" name="cpuid"/>
</debugInterface>
</debuggerDefaults>
</board>
<!-- checksum: 9367220b6d600ce4938041a32b6f -->
